"0","# Formato de fecha a yyyy-mm-dd"
"0","data$Fecha <- dmy(data$Fecha)"
"0","# Eliminación de las ultimas variables (X,X.1, X.2, X.3, X.4, X.5) que no representan ningun valor al análisis"
"0","data <- data %>% select(!c(X,X.1, X.2, X.3, X.4, X.5))"
"0","# Formato tidy para las columnas de rango de distacia a una sola"
"0","data <- data %>% "
"0","  mutate(X5.30=gsub(pattern = ""  "", replacement = NA, x = X5.30),"
"0","         X30.45=gsub(pattern = ""  "", replacement = NA, x = X30.45),"
"0","         X45.75=gsub(pattern = ""  "", replacement = NA, x = X45.75),"
"0","         X75.120=gsub(pattern = ""  "", replacement = NA, x = X75.120),"
"0","         X120.=gsub(pattern = ""  "", replacement = NA, x = X120.))"
"0","data <- data %>% "
"0","  gather(Distancia, temp, X5.30:X120. , factor_key = TRUE) %>% "
"0","  na.omit() %>% "
"0","  select(!temp)"
"0","data <- data %>% "
"0","  mutate(Distancia = str_replace_all(Distancia, c(""X"" = """", '\\.' = ""-"")))"
"0","# Eliminación del simbolo ""Q"" de Quetzales a las columnas númericas"
"0","data <- data %>% "
"0","  mutate(Camion_5=gsub(pattern = 'Q-', replacement = NA, x = Camion_5),"
"0","         Pickup=gsub(pattern = 'Q-', replacement = NA, x = Pickup),"
"0","         Moto=gsub(pattern = 'Q-', replacement = NA, x = Moto))"
"0","# Unir columnas Camión, pickup y Moto a una sola variable ""TipoV"""
"0","data <- data %>% "
"0","  gather(Tipov, Costo, Camion_5:Moto, factor_key = TRUE) %>% "
"0","  na.omit()"
"0","data <- data %>% "
"0","  mutate(Costo=gsub(pattern = ""Q"", replacement = """", x = Costo))"
"0","data$Costo <- as.numeric(data$Costo)"
"0","# Costos Directos"
"0","# Unir columnas de costos directos de cada tipo de vehiculo"
"0","data <- data %>% "
"0","  mutate(DirectoCamion=gsub(pattern = 'Q-', replacement = NA, x = directoCamion_5),"
"0","         DirectoPickup=gsub(pattern = 'Q-', replacement = NA, x = directoPickup),"
"0","         DirectoMoto=gsub(pattern = 'Q-', replacement = NA, x = directoMoto))"
"0","# Unir las columnas de costos directos en una sola ""Cst_Directo"""
"0","data <- data %>% "
"0","  gather(Tipo, Cst_Directo, DirectoCamion:DirectoMoto, factor_key = TRUE) %>% "
"0","  na.omit() %>% "
"0","  select(!Tipo)"
"0","# Eliminación del simbolo ""Q"" en Cst_Directo"
"0","data <- data %>% "
"0","  mutate(Cst_Directo=gsub(pattern = ""Q"", replacement = """", x = Cst_Directo))"
"0","data$Cst_Directo <- as.numeric(data$Cst_Directo)"
"0","# Costos Fijos"
"0","# Unir columnas de costos fijos de cada tipo de vehiculo"
"0","data <- data %>% "
"0","  mutate(FijoCamion=gsub(pattern = 'Q-', replacement = NA, x = fijoCamion_5),"
"0","         FijoPickup=gsub(pattern = 'Q-', replacement = NA, x = fijoPickup),"
"0","         FijoMoto=gsub(pattern = 'Q-', replacement = NA, x = fijoMoto))"
"0","# Unir las columnas de costos fijos en una sola ""Cst_Fijo"""
"0","data <- data %>% "
"0","  gather(Tipo, Cst_Fijo, FijoCamion:FijoMoto, factor_key = TRUE) %>% "
"0","  na.omit() %>% "
"0","  select(!Tipo)"
"0","# Eliminación del simbolo ""Q"" en Cst_Fijo"
"0","data <- data %>% "
"0","  mutate(Cst_Fijo=gsub(pattern = ""Q"", replacement = """", x = Cst_Fijo))"
"0","data$Cst_Fijo <- as.numeric(data$Cst_Fijo)"
"0","# Eliminación del simbolo ""Q"" en ""factura"""
"0","data <- data %>% "
"0","  mutate(factura=gsub(pattern = ""Q"", replacement = """", x = factura))"
"0","data$factura <- as.numeric(data$factura)"
"0","# Fortmato a FACTOR a variables categoricas"
"0","data <- data %>% "
"0","  mutate(Cod = as.factor(Cod),"
"0","         origen = as.factor(origen),"
"0","         height = as.factor(height),"
"0","         Distancia = as.factor(Distancia))"
"0","# Calculando Ingresos"
"0","data$Ingreso <- data$factura - data$Costo"
"0","# Eliminación de las columnas antiguas de costos"
"0","data <- data %>% select(!c(directoCamion_5,directoPickup,directoMoto,fijoCamion_5,fijoPickup,fijoMoto))"
"0",""
"0",""
