{"chunk_definitions":[{"row":10,"row_count":1,"visible":true,"expansion_state":0,"options":{"engine":"r","label":"setup","include":false},"document_id":"F745339D","chunk_id":"csetup_chunk","chunk_label":"setup"},{"row":22,"row_count":1,"visible":true,"expansion_state":0,"options":{"engine":"r","label":"unnamed-chunk-6"},"document_id":"F745339D","chunk_id":"crx2n04y1ow5m","chunk_label":"unnamed-chunk-1"},{"row":26,"row_count":1,"visible":true,"expansion_state":0,"options":{"engine":"r","label":"unnamed-chunk-1"},"document_id":"F745339D","chunk_id":"cgwfkk8s4u3ej","chunk_label":"unnamed-chunk-2"},{"row":104,"row_count":1,"visible":true,"expansion_state":0,"options":{"engine":"r","label":"unnamed-chunk-7"},"document_id":"F745339D","chunk_id":"co761xdvzw8fs","chunk_label":"unnamed-chunk-3"},{"row":120,"row_count":1,"visible":true,"expansion_state":0,"options":{"engine":"r","label":"unnamed-chunk-8"},"document_id":"F745339D","chunk_id":"cv8ztm18dnfjb","chunk_label":"unnamed-chunk-4"},{"row":143,"row_count":1,"visible":true,"expansion_state":0,"options":{"engine":"r","label":"unnamed-chunk-9"},"document_id":"F745339D","chunk_id":"cgm24mvmmdbrt","chunk_label":"unnamed-chunk-6"},{"row":171,"row_count":1,"visible":true,"expansion_state":0,"options":{"engine":"r","label":"unnamed-chunk-10"},"document_id":"F745339D","chunk_id":"cf2p4v11cfs09","chunk_label":"unnamed-chunk-7"},{"row":208,"row_count":1,"visible":true,"expansion_state":0,"options":{"engine":"r","label":"unnamed-chunk-11"},"document_id":"F745339D","chunk_id":"c7qa50kwtzirm","chunk_label":"unnamed-chunk-8"},{"row":234,"row_count":1,"visible":true,"expansion_state":0,"options":{"engine":"r","label":"unnamed-chunk-12"},"document_id":"F745339D","chunk_id":"c4p21ojisx6la","chunk_label":"unnamed-chunk-9"}],"doc_write_time":1634523249,"working_dir":null,"default_chunk_options":{"echo":true}}